"For more information such as company website, company description, industry, CEO, founder, and more upload this file to https://powrbot.com/company-search/ to get the latest information from the web."
Solium
Tyler Technologies
Veeva Systems
Phoenix Technologies
Rave Mobile Safety
Sage Software
SirsiDynix
Smarsh
eCopy
Modernizing Medicine
SAS Institute
ModusLink
google
Google
﻿FullContact
Corporate360
Hubspot
MarkLogic
HouseCall
Laserfiche
TriTech Software Systems
fullcontact
Lending Club
Esri
Finastra
GOOGL
Clarabridge
NetManage
MontaVista Software
Tradeshift
"Autodesk, Inc."
"Citrix Systems, Inc."
"RealNetworks, Inc."
"DEMANDWARE, INC."
Salesforce.com Inc
"GlobalSCAPE, Inc."
MAGIX
Salesforce.com
Citrix Systems
MISYS
FIDESSA
ANITE
PLAYTECH
UNIT4
GLOBAL GRAPHICS
DEMATIC
salesforce.com
Balabit
Salesforce
Bede Gaming
newstore
Atlassian
STARLIMS
LabWare
"NUANCE COMMUNICATIONS, INC."
AUTODESK INC
Tibco Software Inc.
SnapLogic
TIBCO
Tibco
Credit Karma
GitHub
HubSpot
Medallia
Abacus Data Systems
Mitchell International
Fidessa
Misys
Pegasystems
Playtech
TIBCO Software Inc.
HelloWallet
Glooko
BlackLine
Acronis
Actian Corporation
Appirio
Best Software
Smith Micro
Audiokinetic
ESRI
Syspro
CipherGraph Networks
CloudHealth Technologies
Codeanywhere
CollabNet
CYREN
Context Labs
Conversocial
CrowdOptic
CustomerXPs Software
CyberArk
Danger
Dimdim
DocumentCloud
Google india
SourceHOV
Nuance Communications
Autodesk
Visual Risk
Abbott Informatics
Appboy
Autodesk Inc
Prodapt
Google India
Bluescape
AutoDesk Inc.
Cybereason
Comm100
Episerver
Code42
Mediafly
ShuttleCloud
Fidessa Group
SALESFORCE.COM
ATLASSIAN SOFTWARE
SOLARWINDS
FOXIT SOFTWARE
farmflo
Jobvite
ShipHawk
Dimagi
CollaborateMD
ScholarBuys
Masergy Communications
Autodesk
Autodata
Affectiva
AlterGeo
Amplidata
AppAssure Software
Appcelerator
Appfolio
Aspen Technology
Audio Analytic
Authentium
Automated Insights
BalaBit
BioMax
TapInfluence
Bon'App
BTCjam
Busbud
Carma
Maveric Systems
Gep Worldwide
Salesforce Ventures
Modernizing Medicine
atlassian
totvs
autodesk
esri
veeva
tricentis
Engagor
Enplug
EPiServer
Google Inc.
"Nuance Communications, Inc."
Pegasystems Inc.
"Solarwinds, Inc."
"Solera Holdings, Inc."
"Tableau Software, Inc."
"VASCO Data Security International, Inc."
Fanzter
Fieldglass
"Workday, Inc."
netscape
bisnode
iress
"Opower, Inc."
unit4
prodapt
Zencap
FullContact
GigaSpaces
Ginger Software
Glooko
Gluster
Granite Horizon
Sitecore
Helmi Technologies
AppFolio
Google
Salesforce
Versata
GEP Worldwide
TIBCO Software
One Identity
Clearvision
Sage Group
SAS INSTITUTE
I-Logix
Quest Software
Squiz
Trend Micro
GOOGLE
Fusion 360
Immersia
Inkling
Instabase
OPOWER
AUTODESK
SAGE SOFTWARE
Google  Inc
InstallFree
Interfolio
ITA Software
ItsOn
iViZ Security
KeyedIn Solutions
Kiro'o Games
Kurtosys
Linkurious
Magic Software Enterprises
Magix
Marathon Technologies
Merchlar
MetaMatrix
Mobile Sorcery
Mobipocket.com
"Modernizing Medicine, Inc."
Money Dashboard
"GOOGLE, INC"
Google Inc
Narrative Science
Tableau Software
Netscape
Newsblur
NewStore
ObserveIT
ONTRAPORT
Oomba
Open-Plug
Openbravo
Opower
"Workday, Inc"
Orga Systems
Prodapt Solutions
PEGASYSTEMS
BTCJam
github.com
Maplesoft
TaxAct
Opera Software ASA
Graphisoft SE
IRESS
SolarWinds
Metaio Gmbh
GOOGLE LLC
salesforce
Cybereason
Google LLC
Board International
Ziften
Dell AppAssure
TIBCO Software Inc.
github
SFDC
Wistia
DATIX LIMITED
ADSK
Tricentis
Seeq Corporation
MokiMobility
The Sage Group
Petcube
RealNetworks
ENVIRONMENTAL SYSTEMS RESEARCH INSTITUTE
SIRSIDYNIX
GitLab
Semantics3
scholarbuys
"Salesforce.com, Inc."
medallia
shiphawk
Teamwork.com
UserVoice
Observeit
Biomax Informatics AG
Linguamatics
PathSolutions
SAS Institute Inc.
Yubico
The Sage Group plc
"Environmental Systems Research Institute, Inc."
Datix
Actian
kintone
JetBrains
JobVite
LifeRay
KONUX
FloQast
Environmental Systems Research Institute Inc
MITRATECH HOLDINGS INC
QUEST SOFTWARE
SALESFORCE.COM INC
"Google, Inc."
SEEQ CORPORATION
RapidSOS
SIRSI CORPORATION
"ENVIRONMENTAL SYSTEMS RESEARCH INSTITUTE, INC."
Aprimo
ARCOS LLC
Dematic
Sirsi Corporation
Actimize
Mentimeter
Zywave
Salesforce
Atlassian
Angoss
Yseop
PNMSOFT
BOARD
Autodesk Inc.
Appian Corporation
Foxit Software
"Liferay, Inc."
"Acsis, Inc."
ADARA Networks
TRICENTIS
Floqast
Code 42 Software
Follett Corporation
"Digital Research, inc."
Github
Linoma Software
EpiServer
﻿salesforce
LIVECHAT Software
Mozilla Corporation
Plex Systems
OSF Global Services
BALABIT
Benchmark Email
"PKWARE, Inc."
Quest CE
Quintiq
RainStor
REALLUSION
The Portland Group
Revulytics
xTuple
Asigra
Dell Boomi
GIGASPACES
pegasystems
Scholarbuys
The Library Corporation
Veeva
pegasystems inc.
PEGASYSTEMS INC.
TREND MICRO
YUBICO
Sage Group PLC
"salesforce.com, inc."
Tyler Technologies Inc
"GitHub, Inc."
commvault systems inc
HAVELSAN
﻿Sage Software
ARCOS LLC
petcube
Esri
Solarwinds
NUANCE COMMUNICATIONS
FINASTRA
InRule Technology
Salesforce
BlackBerry Limited
guardtime
Finastra
Cyberark
Arcos Llc
Incontact
trend micro
yubico
SYSTANCIA
Tibco software
PC Link
Roxio
PKWARE
NICE Systems
Cornerstone OnDemand
"Autodesk, Inc."
Cornerstone OnDemand
GRAPHISOFT
Jetbrains S.r.o.
Sas Institute Inc.
Waves Audio
VECTOR Informatik
Bisnode
computaris
ERPLY
vortex software
Saggezza
iBwave Solutions
Unit 4
